field,rank,asin,title,star,public,price
Food,1,B000L425TY,"Royal Canin Size Health Nutrition Mini Adult Dry Dog Food 2 Kg Multicolor, 02Rcmina2, Mini Adult Dog Dry Food",4.5,"2,326",67.46
Food,2,B006NR23JU,"Pedigree Dog Food, Chicken & Vegetables Flavour Dog Food Dry, 10Kg, Complete & Balanced Dog Dry Food For Adult Dogs",4.4,152,93.9
Food,3,B07JVN9CK8,Royal Canin Mini Adult Wet Pouches Dog Food - 12x85g,4.6,"1,348",71.79
Food,4,B000T4FWQ4,Royal Canin Size Health Nutrition Mini Adult - 8 kg,4.5,"2,508",214.11
Food,5,B07PRNMZMS,"Pedigree Dog Food, Adult Mini, Beef, Lamb & Vegetables Flavour Dog Food Dry, 1.5Kg, Complete & Balanced Dog Dry Food For Mini Adult Dogs 9 Months and Up",4.3,130,23
Food,6,B07JC6Z9CC,"Royal Canin, Mini Puppy Pouch Wet Dog Food, 85 grams, Pack of 12",4.6,"1,694",65
Food,7,B07JD6VHXG,LILY'S KITCHEN Dog Classic Dinners Multipack Wet Food (6x150g),4.5,"3,149",53.95
Food,8,B002FTK8GK,Royal Canin Medium Adult Dry Dog Food - 4KG,4.5,785,99.39
Food,9,B072HT4K2H,"Pedigree Dog Food, Beef & Vegetables Flavour Dog Food Dry, 10Kg, Complete & Balanced Dog Dry Food For Adult Dogs",4.4,103,100.61
Food,10,B07MVLDG7N,"Cesar Dog Food, Beef Dog Wet Food, Tray of 6x100g, Formulated Without Grains, Complete and Balanced Dog Nutrition",4.2,40,37.3
Food,11,B001AW07UU,Royal Canin Bhn Golden Retriever Adult 12 Kg Breed Health Nutrition Dog Food,4.4,494,292.84
Food,12,B01FWJXVB8,Hill's Science Plan Hills Science Plan Sensitive Stomach & Skin Small & Mini Adult Dog Food With Chicken 1.5Kg,4.5,67,74.15
Food,13,B005OI7J98,Royal Canin Shn Size Health Nutrition Mini Puppy 2Kg Dog Dry Food,4.5,"1,932",100.39
Food,14,B002DPMQSO,"Royal Canin Shn Maxi Adult 15 Kg Size Health Nutrition Dog Food, Multicolor, 3182550732154, Maxi Adult Dog Dry Food",4.4,450,288.27
Food,15,B000VJW2GA,Royal Canin Medium Adult Dry Dog Food - 15KG,4.4,"1,039",249.39
Food,16,B08CVPZ4H1,Royal Canin BHN Pomeranian Adult 1.5 kg Breed Health Nutrition Dog Food,4.6,395,91
Food,17,B004VK6P0E,Royal Canin Bhn Maltese Adult 1.5 KGBreed Health Nutrition DogFood,4.6,877,86
Food,18,B082NH29TN,Royal Canin CCN Digestive Care Wet Food Pouches Box of 12x85g Canine Care Nutrition Dog Food,4.6,141,79.99
Food,19,B000T5GGH2,Royal Canin Yorkshire Terrier Adult Dry Dog Food - 1.5KG,4.7,592,78
Food,20,B07KXK4LQ4,Royal Canin SHN Medium Adult Wet Food Pouches Box of 10x140g Size Health Nutrition Dog,4.6,100,71.2
Food,21,B00366YHBS,Royal Canin Shih Tzu Adult Dry Dog Food - 1.5KG,4.6,"1,020",90
Food,22,B019RIYR8G,Taste of the Wild Grain Free Premium High Protein Dry Dog Food Sierra Mountain With Roasted Lamb - 2 KG,4.8,21,89
Food,23,B004ZQ270G,Royal Canin SHN Mini Indoor Adult 1.5 kg Size Health Nutrition Dog Food,4.5,68,83
Food,24,B01CWXF7R8,"Pedigree Puppy Dog Food, Milky Pockets with Chicken, Egg, and Milk Flavour Dog Food Dry, 1.3Kg, Nutri Defense Dog Dry Food For Puppies",4.3,160,20.1
Food,25,B09JP53HKQ,"Meat Up Dry Dog Food, Meat And Rice, 6 Kg( 2 x 3 Kg)| High Protein & Fibre, Omega 3 & 6 For Healthy Skin & Coat, Strong Bones & Joint Health, Builds Immunity",4.3,"1,346",43.29
Food,26,B078HB8KVF,Taste of the Wild Sierra Mountain Canine Formula With Lamb In Gravy 390G Ir,4.4,120,12.86
Food,27,B00Y9SU19O,"Purina Pro Plan Healthy Start Small and Mini Puppy, Dry Dog food with Chicken, 3 kg",4.7,"1,277",129.18
Food,28,B07JNF6DDS,"Pedigree Dog Food, Beef in Gravy Flavour Dog Food Wet, Pack of 24x400g, Complete & Balanced Dog Wet Food For Adult Dogs",4.4,29,182.5
Food,29,B085PGZ6WY,"Taste of the Wild Canine Sierra Mountain With Roasted Lamb, 12.2kg",4.6,507,307.09
Food,30,B000VJXWUU,"Royal Canin Bhn Labrador Adult 12 Kg Breed Health Nutrition Dog Food, Multicolor, 02Rcl, Food",4.5,"1,795",292.84
Food,31,B0040FABWI,"Royal Canin Shn Medium Adult 10 Kg Size Health Nutrition Dog Food, Multicolor, 35221, Medium Adult Dog Food",4.4,193,223.65
Food,32,B00IYNQS1A,"Hill's Science Plan Puppy Small & Mini Pet Food with Chicken, 1.5kg",4.5,133,53.77
Food,33,B078H4DMHX,"Taste of the Wild Wetlands Canine Dog Food, 390 G",4.5,77,11.9
Food,34,B00Y9SU0EA,Pro Plan Optibalance - Chicken for Small & Mini Adult Dog (3kg),4.4,"1,096",140.18
Food,35,B08X5Q9B8J,"Harringtons Grain Free Hypoallergenic Wet Dog Food Meaty Pack 16x400g - Chicken, Lamb, Beef & Turkey - All Natural Ingredients (Packing may vary)",4.5,"8,860",159.9
Food,36,B0B75D6LTC,"Royal Canin Breed Health Nutrition Pomeranian (WET FOOD - Pouches) 12x85g, standard, RO285120",4.5,127,87.95
Food,37,B08LRGCDWR,ORIJEN ADULT SMALL BREED DOG 1.8KG,4.7,174,127.95
Food,38,B0089S2YXG,Royal Canin Size Health Nutrition Mini Puppy 8 KG,4.6,56,261
Food,39,B08BVMYRRN,"Drools Adult Wet Dog Food, Chicken & Chicken Liver Chunks Gravy, Pack Of 15 (2.25 Kg) | 100% Balanced Diet With Real Chicken, Omega 3 & 6 For Healthy Skin & Coat, Promotes Hydration & Easy Digestion",4.2,"3,745",34.63
Food,40,B002LYB15Q,"Royal Canin Bhn Cocker Adult 3 Kg Breed Health Nutrition Dog Food, Multicolor, 02Rcc3, Spaniel Food",4.6,464,113.83
Food,41,B083SPG49X,Hill's Science Plan Perfect Weight Small & Mini Adult Dog Food with Chicken - 1.5KG,4.6,6,68.85
Food,42,B06XNBWL48,Orijen Original Dog Food 11.4Kg,4.7,"1,319",417.7
Food,43,B0DGLLCXCN,"Drools Adult Wet Dog Food, Real Chicken and Chicken Liver Chunks in Gravy,10 Pouches + 2 Pouches Free (12 x 60g)",4.4,494,17.26
Food,44,B075WWBTYQ,"Meat Up Dry Dog Food, Real Chicken, 6 Kg( 2 x 3 Kg) | High Protein & Fibre, Omega 3 & 6 For Healthy Skin & Coat, Strong Bones & Joint Health, Builds Immunity",4,"8,899",41.57
Food,45,B085PH2MTY,Taste of the Wild Grain Free Premium High Protein Dry Dog Food High Prairie Adult Roasted Bison & Roasted Venison - 12.2 KG,4.6,601,336.11
Food,46,B00628YLA4,"Royal Canin Shn XS Puppy 1.5 Kg Size Health Nutrition Dog Food, Multicolor, 02RCXS3, Extra Small Puppy Dog Food",4.6,"1,323",74
Food,47,B001AW081S,Royal Canin Poodle Adult Dry Dog Food - 1.5KG,4.5,763,95.4
Food,48,B0019534BC,"Royal Canin Bhn Chihuahua Adult 1.5 Kg Breed Health Nutrition Dog Food, Multicolor, 02Rcch1.5, Chihuahua Adult Dog Dry Food",4.6,"1,044",73
Food,49,B085PGWDCM,Hill's Science Plan Sensitive Stomach & Skin Medium Adult Dog Food With Chicken 14Kg,4.5,23,265.29
Food,50,B08691HXQ1,"Taste of the Wild Canine Pacific Stream With Smoked Salmon, 12.2kg",4.6,"1,114",324.4
Food,51,B01FIF5VY6,"Royal Canin Bhn Poodle Adult Wet Food Pouches Box Of 12X85G Breed Health Nutrition Dog Food, White/Gold",4.4,196,67
Food,52,B07MVLDVBC,"Cesar Dog Food, Chicken Dog Wet Food, Tray of 6x100g, Formulated Without Grains, Complete and Balanced Dog Nutrition",4,30,60.43
Food,53,B00PKU5BNG,Hill's Science Plan Adult Perfect Weight Large Breed Dog Food with Chicken - 12KG,4.9,16,265.2
Food,54,B005THVAIA,"Royal Canin Mini Breed Ageing 12 Plus Dog Food, 1.5 Kg",4.6,319,85
Food,55,B084TGW61F,"IAMS Dog Food Proactive Health Adult Small Breed Dry Dog Food, 3Kg, Complete and Balanced Dry Food for Small Breeds",4,6,65.5
Food,56,B071RYCF1C,"Pedigree Dog Food, Beef & Vegetables Flavour Dog Food Dry, 3Kg, Complete & Balanced Dog Dry Food For Adult Dogs",4.5,120,46.75
Food,57,B084THCKKC,"IAMS Dog Food Proactive Health Adult Small Breed Dry Dog Food, 1.5Kg, Complete and Balanced Dry Food for Small Breeds",4.3,21,36.1
Food,58,B0CTHW2582,"Purepet Adult Dry Dog Food, Chicken & Vegetable, 10 Kg | Complete Nutrition, Essential Vitamins & Minerals, Boosts Immunity & Digestion, Supports Bone & Muscle Growth",3.6,16,67.33
Food,59,B00A689BFQ,Harringtons Complete Dry Adult Dog Food Salmon & Potato 12 kg - Made with All Natural Ingredients,4.6,"3,797",168.54
Food,60,B07T3WRCF2,"Pedigree Dog Food, Original Loaf Dog Food Wet, Pack of 24x 400g, Complete & Balanced Dog Wet Food For Adult Dogs",4.2,28,182.5
Food,61,B07QGTTMQ6,Royal Canin CCN Mini Light Weight Care 3 kg Canine Care Nutrition Dog Food,4.7,569,118
Food,62,B078H6L36K,Taste of the Wild Southwest Dog Food Can 390Grm Ir,4.3,121,13.36
Food,63,B0DPKWX5R7,Purina ONE SmartBlend Natural Digestive & Probiotic Health Rice and Chicken Flavour (3.63kg Bag),2.5,3,69.06
Food,64,B06XFXQ3W3,Orijen - Six Fish Dog Food (11.4kg),4.6,285,462.58
Food,65,B003ZGEU70,Harringtons Complete Dry Adult Dog Food Turkey & Veg 15 kg - Made with all Natural Ingredients,4.6,"5,348",199.99
Food,66,B07NY2SHRG,"Pedigree Dog Food, Original Loaf Dog Food Wet, 400g, Complete & Balanced Dog Wet Food For Adult Dogs",4.4,78,9.25
Food,67,B00XQBNXV8,Miglior Chunks Chicken /Turkey Dog Wet Food 405g,3.9,19,5.37
Food,68,B0117E9DP0,"Purina Pro Plan Sensitive Digestion Small and Mini Adult, Dry Dog food with Lamb, 3 kg",4,38,149.08
Food,69,B007ZYR7IW,Royal Canin Medium Ageing 10+ Dry Dog Food - 3KG,4.7,219,120.98
Food,70,B0DGLL8NXR,"Drools Puppy Wet Dog Food, Real Chicken and Chicken Liver Chunks in Gravy,10 Pouches + 2 Pouches Free (12 x 60g)",4.3,288,17.31
Food,71,B016PXOVWI,Royal Canin CCN Medium Light Weight Care 3 kg Canine Care Nutrition Dog Food,4.5,213,119
Food,72,B0BM4QBVDL,LILY'S KITCHEN Dog Carnival Chicken Wet Food - 400G,5,3,20.61
Food,73,B000T4DTGY,Royal Canin Medium Puppy Dry Food - 4KG,4.5,"2,202",134
Food,74,B00IYNQWDY,Hill's Science Plan Hills Science Plan Small & Mini Adult Dog Food With Chicken 3Kg,4.6,82,110.95
Food,75,B00197NBMC,Royal Canin Maxi Adult Dry Dog Food - 4KG,4.3,"1,241",144.05
Food,76,B06XHTT512,Harringtons Chicken Wet Dog Food 400g,4.4,74,9.36
Food,77,B000634CF0,Purina ONE SmartBlend Small Bites Beef & Rice Formula Adult Dry Dog Food (3.63kg Bag),4.7,"5,753",73.12
Food,78,B08HJKQPSP,Royal Canin BHN Shih Tzu Wet Food Pouches Box of 12x85g Breed Health Nutrition Dog Food,4.5,95,89.5
Food,79,B082X3Q98Z,Carnilove lamb & wild boar for adult dogs (wet food cans) 400g,5,9,12.02
Food,80,B0CK5PWQVC,Hill’s Science Plan Hypoallergenic Small & Mini Adult Dry Dog Food With Salmon - 1.5KG,4.6,16,104.93
Food,81,B0CQK4GV5J,Plaisir Dog Paté – Rich in Beef & Veggies – 22x150g Alu Trays – Wholesome Adult Wet Food,4.6,6,115.93
Food,82,B01FIF2UTU,Royal Canin BHN Yorkshire Adult Wet Food Pouches Box of 12x85g Breed Health Nutrition Dog,4.6,252,79
Food,83,B0D73P7MH1,"BARK OUT LOUD ESSENTIALS ,Vivaldis - Adult Dry Dog Food, Tailored Nutrition for Mini & Small Breeds, Chicken & Egg Prebiotics, Fish Oil for Immunity (3kg)",4,69,51.16
Food,84,B003ITPDY8,Royal Canin Maxi Adult Dry Dog Food - 10KG,4.2,326,230.9
Food,85,B06XFG1823,Orijen Dog's Original Food 6KG,4.5,512,267.45
Food,86,B004FP9STU,Royal Canin SHN Mini Starter 1 kg Size Health Nutrition Dog Food,4.5,"2,756",65
Food,87,B00Y9SSYJS,"Purina Pro Plan Everyday Nutrition Medium Adult, Dry Dog food with Chicken, 14 kg",4.6,"2,104",332
Food,88,B08X5SBQ2N,"Harringtons Complete Wet Tray Grain Free Hypoallergenic Adult Dog Food Meaty Pack 6x400g - Chicken, Beef & Lamb - Made with All Natural Ingredients",4.4,"1,994",59.9
Food,89,B0179AVTYY,"Reflex Small Breed Adult Dog Food, Chicken & Rice, 3kg",4.2,44,39.93
Food,90,B07QCQGLW2,Royal Canin CCN Mini Sterilized Adult 3 kg Canine Care Nutrition Dog Food,4.7,465,153.91
Food,91,B0844YDSJ3,"Hill's Science Plan Medium Adult Dog Food With Chicken 14Kg, Standard",4.3,55,243.47
Food,92,B000L425U8,"Royal Canin Shn Mini Adult 8+ 2 Kg Size Health Nutrition Dog Food, Multicolor, 02RCMM+82, Mini Adult 8+ Dog Dry Food",4.6,300,94.82
Food,93,B07FLJ6LM2,Taste of the Wild Prey Angus Beef Formula For Dog With Limited Ingredients. 11.34kg,4.4,351,329.99
Food,94,B0BD5CXR6H,Hill's 606881 Science Plan Small & Mini Adult Dog Food with Chicken 10kg,4.4,12,198.9
Food,95,B00XQBNWQO,Miglior Chunks Beef Dog Wet Food 405g,4,21,5.43
Food,96,B00CZAID16,"Royal Canin Bhn Beagle Adult 3 Kg Breed Health Nutrition Dog Food, Multicolor, 6656500, Beagle Adult Dog Dry Food",4.5,516,150
Food,97,B0CP61Q4G7,Drools Puppy Wet Dog Food Real Chicken and Chicken Liver Chunks Gravy 0.9 Kg (6 X 150g) Pack of 6,4.2,324,14.43
Food,98,B07QL1NQ2M,"Royal Canin Nutrition Light Weight Care Dog Wet Food Pouches, Pack of 12 x 85g",4.5,294,88
Food,99,B009H3WL7Q,Royal Canin BHN French Bulldog Adult 3 kg Breed Health Nutrition Dog Food,4.6,661,132
Food,100,B005OI7N1M,Royal Canin Size Health Nutrition Mini Puppy 4 KG,4.5,"2,605",165
Dehydrated,1,B088455Q3R,"The Honest Kitchen Butcher Block Pâté: Chicken & Super Greens Wet Dog Food, 10.5 oz (Pack of 6)",4.2,"1,231",186
Dehydrated,2,B01N21ODVG,The Honest Kitchen Limited Ingredient Dehydrated Grain Free Beef Dog Food 4 lb - Hope,3.8,91,381.33
Dehydrated,3,B00TM9PIWA,The Honest Kitchen Human Grade Dehydrated Whole Grain Dog Food – Complete Meal or Dog Food Topper – Chicken 2 lb (makes 8 lbs),4,"1,362",161
Dehydrated,4,B00JQEHVSK,"The Honest Kitchen Dehydrated Whole Grain Turkey Dog Food, 2 lb Box",4,510,172
Dehydrated,5,B00ZBI9DYU,The Honest Kitchen Limited Ingredient Dehydrated Grain Free Turkey Dog Food 4 lb - Marvel,4.2,111,366
Dehydrated,6,B0CLMBMCPF,Bully Max Wet Puppy Food - Instant Fresh Dehydrated High Protein Soft Dog Food with Chicken - Healthy Growth for Small & Large Breed Puppies - 2 Dry Dog Food Pounds (Makes 5.5 lbs. of Wet Food),4.2,239,165
Dehydrated,7,B0CLMBH2VP,Bully Max Wet Dog Food for Adults & Puppies - Dehydrated High Protein Instant Fresh Soft Dog Food with Chicken - Healthy Muscle Growth for Small & Large Breeds - 2 Dry Pounds (Makes 5.5 lbs. Wet Food),4.3,188,181
Dehydrated,8,B00A8O8LHW,Honest Kitchen The Food for Dogs with Dehydrated Ingredients Without Wheat,4.1,164,593
Dehydrated,9,B08SZKC95J,The Honest Kitchen Human Grade Dehydrated Grain Free Dog Food – Complete Meal or Dog Food Topper – Beef 7 lb (Makes 28 lbs),4.3,"1,448",278
Dehydrated,10,B08GB5BFML,"The Honest Kitchen Dehydrated Whole Grain, Veggie & Fruit Base Mix Dog Food (Just Add Protein), 3 lb Box",4.4,277,418
Dry,1,B000L425TY,"Royal Canin Size Health Nutrition Mini Adult Dry Dog Food 2 Kg Multicolor, 02Rcmina2, Mini Adult Dog Dry Food",4.5,"2,326",67.46
Dry,2,B006NR23JU,"Pedigree Dog Food, Chicken & Vegetables Flavour Dog Food Dry, 10Kg, Complete & Balanced Dog Dry Food For Adult Dogs",4.4,152,93.9
Dry,3,B000T4FWQ4,Royal Canin Size Health Nutrition Mini Adult - 8 kg,4.5,"2,508",214.11
Dry,4,B07PRNMZMS,"Pedigree Dog Food, Adult Mini, Beef, Lamb & Vegetables Flavour Dog Food Dry, 1.5Kg, Complete & Balanced Dog Dry Food For Mini Adult Dogs 9 Months and Up",4.3,130,23
Dry,5,B002FTK8GK,Royal Canin Medium Adult Dry Dog Food - 4KG,4.5,785,99.39
Dry,6,B072HT4K2H,"Pedigree Dog Food, Beef & Vegetables Flavour Dog Food Dry, 10Kg, Complete & Balanced Dog Dry Food For Adult Dogs",4.4,103,100.61
Dry,7,B001AW07UU,Royal Canin Bhn Golden Retriever Adult 12 Kg Breed Health Nutrition Dog Food,4.4,494,292.84
Dry,8,B01FWJXVB8,Hill's Science Plan Hills Science Plan Sensitive Stomach & Skin Small & Mini Adult Dog Food With Chicken 1.5Kg,4.5,67,74.15
Dry,9,B005OI7J98,Royal Canin Shn Size Health Nutrition Mini Puppy 2Kg Dog Dry Food,4.5,"1,932",100.39
Dry,10,B002DPMQSO,"Royal Canin Shn Maxi Adult 15 Kg Size Health Nutrition Dog Food, Multicolor, 3182550732154, Maxi Adult Dog Dry Food",4.4,450,288.27
Dry,11,B000VJW2GA,Royal Canin Medium Adult Dry Dog Food - 15KG,4.4,"1,039",249.39
Dry,12,B08CVPZ4H1,Royal Canin BHN Pomeranian Adult 1.5 kg Breed Health Nutrition Dog Food,4.6,395,91
Dry,13,B004VK6P0E,Royal Canin Bhn Maltese Adult 1.5 KGBreed Health Nutrition DogFood,4.6,877,86
Dry,14,B000T5GGH2,Royal Canin Yorkshire Terrier Adult Dry Dog Food - 1.5KG,4.7,592,78
Dry,15,B07KXK4LQ4,Royal Canin SHN Medium Adult Wet Food Pouches Box of 10x140g Size Health Nutrition Dog,4.6,100,71.2
Dry,16,B00366YHBS,Royal Canin Shih Tzu Adult Dry Dog Food - 1.5KG,4.6,"1,020",90
Dry,17,B019RIYR8G,Taste of the Wild Grain Free Premium High Protein Dry Dog Food Sierra Mountain With Roasted Lamb - 2 KG,4.8,21,89
Dry,18,B004ZQ270G,Royal Canin SHN Mini Indoor Adult 1.5 kg Size Health Nutrition Dog Food,4.5,68,83
Dry,19,B01CWXF7R8,"Pedigree Puppy Dog Food, Milky Pockets with Chicken, Egg, and Milk Flavour Dog Food Dry, 1.3Kg, Nutri Defense Dog Dry Food For Puppies",4.3,160,20.1
Dry,20,B09JP53HKQ,"Meat Up Dry Dog Food, Meat And Rice, 6 Kg( 2 x 3 Kg)| High Protein & Fibre, Omega 3 & 6 For Healthy Skin & Coat, Strong Bones & Joint Health, Builds Immunity",4.3,"1,346",43.29
Dry,21,B00Y9SU19O,"Purina Pro Plan Healthy Start Small and Mini Puppy, Dry Dog food with Chicken, 3 kg",4.7,"1,277",129.18
Dry,22,B085PGZ6WY,"Taste of the Wild Canine Sierra Mountain With Roasted Lamb, 12.2kg",4.6,507,307.09
Dry,23,B000VJXWUU,"Royal Canin Bhn Labrador Adult 12 Kg Breed Health Nutrition Dog Food, Multicolor, 02Rcl, Food",4.5,"1,795",292.84
Dry,24,B0040FABWI,"Royal Canin Shn Medium Adult 10 Kg Size Health Nutrition Dog Food, Multicolor, 35221, Medium Adult Dog Food",4.4,193,223.65
Dry,25,B00Y9SU0EA,Pro Plan Optibalance - Chicken for Small & Mini Adult Dog (3kg),4.4,"1,096",140.18
Dry,26,B08LRGCDWR,ORIJEN ADULT SMALL BREED DOG 1.8KG,4.7,174,127.95
Dry,27,B0089S2YXG,Royal Canin Size Health Nutrition Mini Puppy 8 KG,4.6,56,261
Dry,28,B002LYB15Q,"Royal Canin Bhn Cocker Adult 3 Kg Breed Health Nutrition Dog Food, Multicolor, 02Rcc3, Spaniel Food",4.6,464,113.83
Dry,29,B083SPG49X,Hill's Science Plan Perfect Weight Small & Mini Adult Dog Food with Chicken - 1.5KG,4.6,6,68.85
Dry,30,B06XNBWL48,Orijen Original Dog Food 11.4Kg,4.7,"1,319",417.7
Dry,31,B075WWBTYQ,"Meat Up Dry Dog Food, Real Chicken, 6 Kg( 2 x 3 Kg) | High Protein & Fibre, Omega 3 & 6 For Healthy Skin & Coat, Strong Bones & Joint Health, Builds Immunity",4,"8,899",41.57
Dry,32,B085PH2MTY,Taste of the Wild Grain Free Premium High Protein Dry Dog Food High Prairie Adult Roasted Bison & Roasted Venison - 12.2 KG,4.6,601,336.11
Dry,33,B00628YLA4,"Royal Canin Shn XS Puppy 1.5 Kg Size Health Nutrition Dog Food, Multicolor, 02RCXS3, Extra Small Puppy Dog Food",4.6,"1,323",74
Dry,34,B001AW081S,Royal Canin Poodle Adult Dry Dog Food - 1.5KG,4.5,763,95.4
Dry,35,B0019534BC,"Royal Canin Bhn Chihuahua Adult 1.5 Kg Breed Health Nutrition Dog Food, Multicolor, 02Rcch1.5, Chihuahua Adult Dog Dry Food",4.6,"1,044",73
Dry,36,B085PGWDCM,Hill's Science Plan Sensitive Stomach & Skin Medium Adult Dog Food With Chicken 14Kg,4.5,23,265.29
Dry,37,B08691HXQ1,"Taste of the Wild Canine Pacific Stream With Smoked Salmon, 12.2kg",4.6,"1,114",324.4
Dry,38,B00PKU5BNG,Hill's Science Plan Adult Perfect Weight Large Breed Dog Food with Chicken - 12KG,4.9,16,265.2
Dry,39,B005THVAIA,"Royal Canin Mini Breed Ageing 12 Plus Dog Food, 1.5 Kg",4.6,319,85
Dry,40,B084TGW61F,"IAMS Dog Food Proactive Health Adult Small Breed Dry Dog Food, 3Kg, Complete and Balanced Dry Food for Small Breeds",4,6,65.5
Dry,41,B071RYCF1C,"Pedigree Dog Food, Beef & Vegetables Flavour Dog Food Dry, 3Kg, Complete & Balanced Dog Dry Food For Adult Dogs",4.5,120,46.75
Dry,42,B084THCKKC,"IAMS Dog Food Proactive Health Adult Small Breed Dry Dog Food, 1.5Kg, Complete and Balanced Dry Food for Small Breeds",4.3,21,36.1
Dry,43,B0CTHW2582,"Purepet Adult Dry Dog Food, Chicken & Vegetable, 10 Kg | Complete Nutrition, Essential Vitamins & Minerals, Boosts Immunity & Digestion, Supports Bone & Muscle Growth",3.6,16,67.33
Dry,44,B00A689BFQ,Harringtons Complete Dry Adult Dog Food Salmon & Potato 12 kg - Made with All Natural Ingredients,4.6,"3,797",168.54
Dry,45,B07QGTTMQ6,Royal Canin CCN Mini Light Weight Care 3 kg Canine Care Nutrition Dog Food,4.7,569,118
Dry,46,B0DPKWX5R7,Purina ONE SmartBlend Natural Digestive & Probiotic Health Rice and Chicken Flavour (3.63kg Bag),2.5,3,69.06
Dry,47,B06XFXQ3W3,Orijen - Six Fish Dog Food (11.4kg),4.6,285,462.58
Dry,48,B003ZGEU70,Harringtons Complete Dry Adult Dog Food Turkey & Veg 15 kg - Made with all Natural Ingredients,4.6,"5,348",199.99
Dry,49,B0117E9DP0,"Purina Pro Plan Sensitive Digestion Small and Mini Adult, Dry Dog food with Lamb, 3 kg",4,38,149.08
Dry,50,B007ZYR7IW,Royal Canin Medium Ageing 10+ Dry Dog Food - 3KG,4.7,219,120.98
Dry,51,B016PXOVWI,Royal Canin CCN Medium Light Weight Care 3 kg Canine Care Nutrition Dog Food,4.5,213,119
Dry,52,B000T4DTGY,Royal Canin Medium Puppy Dry Food - 4KG,4.5,"2,202",134
Dry,53,B00IYNQWDY,Hill's Science Plan Hills Science Plan Small & Mini Adult Dog Food With Chicken 3Kg,4.6,82,110.95
Dry,54,B00197NBMC,Royal Canin Maxi Adult Dry Dog Food - 4KG,4.3,"1,241",144.05
Dry,55,B000634CF0,Purina ONE SmartBlend Small Bites Beef & Rice Formula Adult Dry Dog Food (3.63kg Bag),4.7,"5,753",73.12
Dry,56,B0CK5PWQVC,Hill’s Science Plan Hypoallergenic Small & Mini Adult Dry Dog Food With Salmon - 1.5KG,4.6,16,104.93
Dry,57,B0D73P7MH1,"BARK OUT LOUD ESSENTIALS ,Vivaldis - Adult Dry Dog Food, Tailored Nutrition for Mini & Small Breeds, Chicken & Egg Prebiotics, Fish Oil for Immunity (3kg)",4,69,51.16
Dry,58,B003ITPDY8,Royal Canin Maxi Adult Dry Dog Food - 10KG,4.2,326,230.9
Dry,59,B004FP9STU,Royal Canin SHN Mini Starter 1 kg Size Health Nutrition Dog Food,4.5,"2,756",65
Dry,60,B00Y9SSYJS,"Purina Pro Plan Everyday Nutrition Medium Adult, Dry Dog food with Chicken, 14 kg",4.6,"2,104",332
Dry,61,B0179AVTYY,"Reflex Small Breed Adult Dog Food, Chicken & Rice, 3kg",4.2,44,39.93
Dry,62,B07QCQGLW2,Royal Canin CCN Mini Sterilized Adult 3 kg Canine Care Nutrition Dog Food,4.7,465,153.91
Dry,63,B0844YDSJ3,"Hill's Science Plan Medium Adult Dog Food With Chicken 14Kg, Standard",4.3,55,243.47
Dry,64,B000L425U8,"Royal Canin Shn Mini Adult 8+ 2 Kg Size Health Nutrition Dog Food, Multicolor, 02RCMM+82, Mini Adult 8+ Dog Dry Food",4.6,300,94.82
Dry,65,B07FLJ6LM2,Taste of the Wild Prey Angus Beef Formula For Dog With Limited Ingredients. 11.34kg,4.4,351,329.99
Dry,66,B0BD5CXR6H,Hill's 606881 Science Plan Small & Mini Adult Dog Food with Chicken 10kg,4.4,12,198.9
Dry,67,B00CZAID16,"Royal Canin Bhn Beagle Adult 3 Kg Breed Health Nutrition Dog Food, Multicolor, 6656500, Beagle Adult Dog Dry Food",4.5,516,150
Dry,68,B0CP61Q4G7,Drools Puppy Wet Dog Food Real Chicken and Chicken Liver Chunks Gravy 0.9 Kg (6 X 150g) Pack of 6,4.2,324,14.43
Dry,69,B009H3WL7Q,Royal Canin BHN French Bulldog Adult 3 kg Breed Health Nutrition Dog Food,4.6,661,132
Dry,70,B005OI7N1M,Royal Canin Size Health Nutrition Mini Puppy 4 KG,4.5,"2,605",165
Dry,71,B0DPKY5FVG,"Purina ONE Natural Dry Dog Food, SmartBlend Chicken & Rice Formula, (1.36kg Bag)",3.3,6,24.57
Dry,72,B0CKFK6SBV,Hill’s Science Plan Hypoallergenic with Salmon Medium Breed Adult Dry Dog Food - 12KG,3.9,14,345
Dry,73,B0B7591ZGW,"Lily's Kitchen Countryside Casserole with Chicken, Duck & Sweet Potatoes Small Dog Dry Food - 2.5KG",4.7,244,143
Dry,74,B019RIYL8M,Taste of the Wild Grain Free Premium High Protein Dry Dog Food High Prairie Adult Roasted Bison & Roasted Venison - 2 KG,4.6,325,97.75
Dry,75,B06XP1RHX4,Hill's Science Plan Small & Miniature Lamb & Rice Adult Dry Dog Food - 1.5KG,4.6,136,80.17
Dry,76,B084TH4477,"IAMS Dog Food Proactive Health Adult Dry Dog Food, 3Kg, Wholesome Ingredients, Complete and Balanced for All Breeds",4.6,10,65.5
Dry,77,B005ZS7OUG,"Royal Canin Shn Mini Puppy 800 Gm Size Health Nutrition Dog Food, White, 02Rcmj800, Size Health Nutrition Mini Puppy",4.6,"2,568",45
Dry,78,B0988GX6YP,"Harringtons Complete Wet Tray Grain Free Hypoallergenic Adult Dog Food Classics Bumper Pack 16x400g - Beef, Lamb, Salmon & Turkey- Made with All Natural Ingredients",4.5,"8,860",152.91
Dry,79,B00CY9Z33O,Royal Canin Bhn Bichon Frise Adult 1.5 Kg Breed Health Nutrition Dog Food,4.4,223,79
Dry,80,B00ZRD9RR2,"Purina Pro Plan Sensitive Skin Small and Mini Adult, Dry Dog food with Salmon, 3 kg",4.5,677,159.16
Dry,81,B0BH4S9PBC,Delight Sausage for Adult Dogs with Chicken and Turkey: A Feast of Flavors and Nutrition (800g),4.4,4,13.57
Dry,82,B004BFB8NI,"Royal Canin Shn Medium Puppy 10 Kg Size Health Nutrition Dog Food, Multicolor, 02Rcmedj10, Dry Food",4.5,478,306.41
Dry,83,B00Y9SSI1W,"Purina Pro Plan Everyday Nutrition Medium Adult, Dry Dog food with Chicken, 3 kg",4.5,358,140.18
Dry,84,B002DPQJSM,Royal Canin Bhn Cavalier King Charles Adult 1.5 Kg Breed Health Nutrition Dog Food,4.6,186,94.75
Dry,85,B001955528,"Royal Canin Bhn Shih Tzu Puppy 1.5 Kg Breed Health Nutrition Dog Food, Multicolor, 02Rcshj1.5, Dry Food",4.5,748,120
Dry,86,B0CQ59N9R6,"Drools Adult Dry Dog Food, Chicken & Egg, 3 Kg | 100% Balanced Diet With Real Chicken, Omega 3 & 6 For Healthy Skin & Coat, Protein & Calcium For Strong Joints & Mobility",4.4,45,35
Dry,87,B01JM9L94A,Taste of the Wild Appalachian Valley Canine Formula Dry Dog Food - 2KG,4.3,109,101.5
Dry,88,B00Y9SSX4Y,PURINA Pro Plan Optibalance Chicken Large Robust Adult Dry Dog Food - 14KG,4.5,765,335.31
Dry,89,B0D5LXLB4N,"Drools Adult Dry Dog Food, Chicken & Egg, 5 Kg In a Container | 100% Balanced Diet With Real Chicken, Omega 3 & 6 For Healthy Skin & Coat, Protein & Calcium For Strong Joints & Mobility",4.3,278,49.89
Dry,90,B0CK5P89BL,Hill’s Science Plan Hypoallergenic with Salmon Medium Breed Adult Dry Dog Food - 2.5KG,4,8,110.4
Dry,91,B01MU1DIX5,"Purina Pro Plan Sensitive Digestion Medium Adult , Dry Dog food with Lamb, 3 kg",4.6,192,144.96
Dry,92,B000RYU5C2,Royal Canin Dachshund Adult Dry Dog Food - 1.5KG,4.7,577,97.25
Dry,93,B07QDNTNHV,Royal Canin CCN Mini Dermacomfort 3 kg Canine Care Nutrition Dog Food,4.6,181,134
Dry,94,B07KXSDR16,Royal Canin SHN Maxi Adult Wet Food Pouches Box of 10x140g Size Health Nutrition Dog Food,4.5,47,87.4
Dry,95,B019RIYLJQ,Taste of the Wild Grain Free Premium High Protein Dry Dog Food Pacific Stream Adult - Smoked Salmon- 2 KG,5,10,100
Dry,96,B01BSKDRN2,Farmina Neutered Chicken & Pomegranate Cat Dry Food - 1.5KG,4.6,385,122.85
Dry,97,B003ZGETR6,Harringtons Complete Dry Adult Dog Food Lamb & Rice 15 kg - Made with All Natural Ingredients,4.6,"8,543",220.25
Dry,98,B09JP48TWR,"Meat Up Puppy Dry Dog Food, Chicken & Milk, 6 Kg( 2 x 3 Kg)| DHA For Brain Development, High Protein For Bones, Joints & Muscle Growth, Omega 3 & 6 For Healthy Skin, Builds Immunity",4.1,"1,191",41.57
Dry,99,B083SSRJ8D,Hill's Science Plan Large Breed Adult Dog Food With Chicken 14Kg,4.7,58,299
Dry,100,B075WXVYR4,"Meat Up Dry Dog Food, Real Chicken, 2.4 Kg( 2 x 1.2 Kg) | High Protein & Fibre, Omega 3 & 6 For Healthy Skin & Coat, Strong Bones & Joint Health, Builds Immunity",4.2,"5,360",23.09
Food Toppers,1,B0DV5N6Y7H,"Chill Pets Salmon Food Topper for Dogs and Cats, 70 gm",5,2,20
Food Toppers,2,B0CFTZ755T,Applaws Topper in Stew Chicken with Veg Dog Tin 156g,4.8,6,24.99
Food Toppers,3,B0DXPT275D,"Chill Pets Chicken Food Topper for Dogs and Cats, 70 gm",5,3,11.91
Food Toppers,4,B0C8YZRZ8C,Applaws Taste Topper in Gravy Chicken Duck Dog Tin 156G,4.8,23,72
Food Toppers,5,B07QB5WTK3,Royal Canin SHN Mini Adult Wet Food Pouches Box of 12x85g Size Health Nutrition Dog Food,3.9,2,10.8
Food Toppers,6,B0C8YZRJ53,Applaws Taste Topper in Broth Chicken Ham Dog Tin,5,2,9.9
Food Toppers,7,B0CPJPYT4P,APPLAWS TOPPER IN BROTH CHICKEN WITH SALMON DOG TIN 156G,4.2,426,67.5
Food Toppers,8,B07VSMCY91,Open Farm Harvest Chicken Bone Broth Meal Topper for Dogs & Cats - 12OZ,4.3,"2,013",133
Food Toppers,9,B07N8HQDL5,NATIVE Pet Bone Broth and Food Additive for Picky Eaters | Dog Topper for Dry Food (Chicken 5.75 Oz),4.1,"2,017",52
Food Toppers,10,B01N1XNYW9,"BEAUMONT BASICS Flavors Food Topper and Gravy for Dogs - Chicken Recipe with Bone Broth, 3.1 oz. - Natural, Grain Free - Perfect Kibble Seasoning Treat Mix for Picky Dog or Puppy",4.4,472,157
Food Toppers,11,B0CDP74PG3,Barkbox Dog Topper - (3) Variety Pack,3.8,4,30
Food Toppers,12,B0DYV9R55R,"Pet Food Topper for Dogs and Cats, Beef. 70 gm",4.5,2,99
Food Toppers,13,B0F79XM5M5,"Chill Pets Food Topper Variety Pack, Chicken, Chicken Liver, Beef, Salmon, 70-75g, 4 Pack",3,1,11.91
Food Toppers,14,B0CFTXRVXQ,Applaws Topper in Broth Chicken with Beef Dog Tin 156g,4.3,26,99
Food Toppers,15,B07NYXXYT4,K9 Natural Freeze Dried Hoki And Beef Feast Topper 100g,4.4,530,88.73
Food Toppers,16,B09S6TFGGW,Hackney Dog House Pumpkin Powder for Dogs (225 grams) | Create Natural Pumpkin Purée | UK Canned Pumpkin Alternative | High Fibre Topper (30 Daily Servings),4.7,"4,801",76
Food Toppers,17,B00YWPHXTK,Instinct Raw Boost Mixers Beef Freeze Dried Dog Food Topper - 6OZ,4.4,"2,008",62
Food Toppers,18,B07DFS67JS,"The Honest Kitchen Daily Boosters: Instant Turkey Bone Broth With Turmeric, 3.6 Oz",4.5,"1,833",39
Food Toppers,19,B000NVBVD6,"Stella & Chewy's Freeze-Dried Raw Chewy'S Chicken Meal Mixers Dog Food Topper, 3.5 Oz. Bag",5,1,39.36
Food Toppers,20,B0DKNYZ1P6,"JR Pet Products JR Pure Beef Topper for Dog & Cat Food, Single-Ingredient Meal Mixer, 400g",4.2,3,115
Food Toppers,21,B0DK6WWNWF,"Puprazy Chicken Liver Powder Food Topper for Dogs, Tasty, Appetite Stimulant, Fussy eater approved",4.4,"2,341",111
Food Toppers,22,B0DKP1L9S1,"JR Pet Products JR Pure Salmon Topper for Dog & Cat Food, Single-Ingredient Meal Mixer, 400g",4.5,300,42.11
Food Toppers,23,B08CRCFJVV,NATIVE Pet Bone Broth and Food Additive for Picky Eaters | Dog Topper for Dry Food (Beef 4.75 Oz),4.6,3,16.99
Food Toppers,24,B0DDW5V5F9,"Wonder Paws Bone Broth for Dogs – Bone Broth Powder with Organic Mushrooms & Collagen for Digestion, Immunity & Joint Support – Tasty Beef Supplement for Dogs of All Ages, Sizes & Breeds – 3.20 oz",5,2,137
Food Toppers,25,B0DKNZ5G65,"JR Pet Products JR Pure Sprats Topper for Dog & Cat Food, Single-Ingredient Meal Mixer, 400g",4.5,291,64
Food Toppers,26,B0D5NMMZV9,"INABA Churu Meal Topper for Dogs, Complete & Balanced, Creamy, Lickable Purée Dog Food Toppers, 1.69 Ounce Tube, 3 Tubes (3 per Pack), Tuna Recipe",4.2,95,50.99
Food Toppers,27,B0D2VHW69K,"Special Breed Bone Broth Powder for Dogs and Cats - Dog and Cat Food Topper, Grass Fed Beef Broth Supplement, 9.5 oz",4.5,546,39.36
Food Toppers,28,B08PY1PN1R,"HOLI Beef Liver Dog Food Topper - Single Ingredient, Human-Grade - Freeze Dried Protein and Flavor Enhancer for Picky Dogs – Grain Free – 100% All Natural - 2oz",3.5,5,109
Food Toppers,29,B0BX7HSWC6,"Stella & Chewy's Freeze Dried Raw Meal Mixers – Crafted for Puppies – Grain Free, Protein Rich Perfectly Puppy Beef & Salmon Recipe – 3.5 oz Bag",4.5,"3,761",63
Food Toppers,30,B0DKP2Q123,"JR Pet Products JR Pure Chicken Topper for Dog & Cat Food, Single-Ingredient Meal Mixer, 400g",3.8,69,180.26
Food Toppers,31,B093BYLDVM,"Brutus Broth Dog Food Topper - Instant Bone Broth Powder for Adult Dogs - Made with Natural Ingredients, Human-Grade Quality - Serve Dry or Wet - Beef Flavor - 3.5 oz Pack (Makes 130 oz with Water)",3.9,262,110.49
Food Toppers,32,B08PYM3S4S,"HOLI Freeze Dried Salmon Dog Food Topper - with Omega 3 & 6 - Single Ingredient, Human-Grade Wild Caught Salmon - Dog Food Flavor Enhancer for Picky Dogs – 100% All Natural - 1.5oz",4.6,824,91.77
Food Toppers,33,B0BTK46P5C,8 oz Chicken Bone Broth Powder for Dogs and Cats Premium Chicken Broth Mattress Topper for Picky Eaters Supports Joints and Health,4.6,54,42.11
Food Toppers,34,B0877BP9DP,Stella & Chewy's Marie's Magical Dinner Dust Duck Duck Goose - 7 oz - 6/cs,5,1,52
Food Toppers,35,B0F7LR85S8,Dr. Kellyann Bone Broth Meal Topper for Dogs | Grass-Fed Beef Recipe | 3g Collagen | Supports Healthy Digestion & Joints | Shiny Coat | Grain Free | 6.60 oz,4.4,908,180
Food Toppers,36,B0DKNYK9S6,"JR Pet Products MIKKI Catnip Tail Tikkler Cat Toy, Interactive Teaser Wand with Catnip & Feathers",4.5,479,106.21
Food Toppers,37,B0BX4LM66L,Caledon Farms Beef Sprinkles Dog Food Topper - 120g (1 Pack),3.6,26,240.9
Food Toppers,38,B0DJQM2F12,Open Farm Arctic Char Meal Topper for Dogs - 130G,4.3,"1,223",154.55
Food Toppers,39,B08CRVFZ2Y,"Native Pet Bone Broth for Dogs and Cats - Made with Real Beef Bone Broth, Dog Food Toppers for Picky Eaters - Provides Extra Hydration & Nutrition for Joint Strength, Immunity & Heart Health-96 Scoops",4.8,24,113.28
Food Toppers,40,B075M2PL8V,K9 Natural Chicken Feast - Freeze Dried Raw Topper for Dogs - 100g,4.5,167,162
Food Toppers,41,B07DFNP37Y,"The Honest Kitchen Bone Broth POUR OVERS™ Wet Toppers for Dogs (12 pack), 5.5 oz - Beef Stew",4.6,213,332.05
Food Toppers,42,B01BJ6IB8G,K9 Natural Freeze Dried Lamb Feast Topper 142g,4.4,"3,392",126
Food Toppers,51,B01N5DF845,"Crumps' Naturals 4.5""-5"" Plaque Busters (1 Pack) - Dog Dental Chew - Oyster, Bacon Flavor - 5 Sticks, 0.15 kg",4.3,250,76.02
Food Toppers,52,B07GJKBRGW,K9 Natural Freeze Dried Chicken Feast Topper 100g,4.7,8,222
Freeze-Dried,1,B06XFG1823,Orijen Dog's Original Food 6KG,4.5,512,267.45
Freeze-Dried,2,B07CQVVLYG,Stella & Chewy's Dog FD Perfectly Puppy Chicken & Salmon Patties-14oz,4.6,580,135.69
Freeze-Dried,3,B07SJVD46K,"Stella & Chewy's Stella's Solutions Hip & Joint Boost Cage-Free Chicken Dinner Morsels Freeze-Dried Raw Dog Food, 13 oz (SOL-FDCHJ-13)",4.6,382,110
Freeze-Dried,4,B07SN5W528,Stella & Chewy's Skin & Coat Grass Fed Lamb & Wild Caught Salmon 13oz,4.6,606,120.11
Freeze-Dried,5,B006UUJZ50,Herbsmith Kibble Seasoning Freeze Dried Chicken Dog Food Topper for Picky Eaters,4,343,90
Freeze-Dried,6,B00DCAOUEW,Herbsmith Kibble Seasoning Freeze Dried Duck Dog Food Topper for Picky Eaters,4.2,595,90
Freeze-Dried,7,B00N23ZBX8,"Stella & Chewy's Freeze-Dried Raw Stella'S Super Beef Meal Mixers Dog Food Topper, 3.5 Oz. Bag",4.5,"1,294",54
Freeze-Dried,8,B000NVBVCC,"Stella & Chewy's Freeze Dried Raw Dinner Patties – Grain Free Dog Food, Protein Rich Chicken Recipe – 5.5 oz Bag",4.5,"1,702",63.74
Freeze-Dried,9,B079Z4MZTG,"Instinct Freeze Dried Raw Boost Mixers Grain Free Gut Health Grain Free All Natural Dog Food Topper, 5.5 Ounce (Pack of 1)",4.7,"3,962",94.9
Freeze-Dried,10,B07SP2XD76,"Stella & Chewy's Freeze-Dried Raw Single Ingredient Chicken Hearts Dog Treats, 3 oz. Bag",4.8,821,97.75
Freeze-Dried,11,B00NS1QH4G,"Stella & Chewy's Freeze Dried Raw Chicken Meal Mixers – Dog Food Topper for Small Large Breeds – Grain Free, Protein Rich Recipe – 8 oz Bag",4.6,"2,867",92
Freeze-Dried,12,B0D31MDM44,"PAWUP Freeze Dried Quail Egg Yolk Pet Treats, Freeze-Dried Pet Food for Dogs, Cats, Pure Fresh Ingredient, 4.2 oz, Rawhide Free, Gluten&Grain Free",4.6,681,63.74
Freeze-Dried,13,B0015G862M,Stella & Chewy's Dog FD Stella's Super Beef Patties - 5.5 oz,4.4,581,101.99
Freeze-Dried,14,B07G3QFG8N,"Stella & Chewy's Freeze-Dried Raw Beef Heart Treats, 3 oz bag",4.5,"2,958",66.5
Freeze-Dried,15,B00N240SQ2,"Stella & Chewy's Freeze Dried Raw Stella's Super Beef Meal Mixers Dog Food Topper, 8 oz. Bag, ORANGE, 8 Ounce (Pack of 1)",4.6,"2,093",179.9
Freeze-Dried,16,B07NM5G9SP,Instinct Raw Boost Mixers Skin & Coat Health Freeze Dried Dog Food Topper 5.5OZ,4.6,"1,057",89.44
Freeze-Dried,17,B00YWPIF2O,"Instinct Raw Boost Mixers Freeze Dried Raw Dog Food Topper, Grain Free Freeze Dried Dog Food Topper",4.7,"1,373",190.99
Freeze-Dried,18,B07SN5W52J,"Stella & Chewy's Freeze-Dried Raw Marie's Magical Dinner Dust, 7oz, Beef, High Protein, Grain Free Raw Food Toppers for Picky Eaters, Puppy Meal Topper",4.4,"1,933",40
Freeze-Dried,19,B07D1V3L15,PureBites Freeze Dried Salmon Dog Treats 70g | 1 Ingredient | Made in USA (Packaging May Vary),4.6,593,153
Freeze-Dried,20,B0018CIRMM,"Stella & Chewy's Freeze Dried Raw Dinner Patties – Grain Free Dog Food, Protein Rich Dandy Lamb Recipe – 14 oz Bag",4.4,212,156
Freeze-Dried,21,B0B323H8XL,Stella & Chewy's Dog FD Stella's Super Beef Meal Mixers - 1 oz,4.6,"1,884",83
Freeze-Dried,22,B0018CK0EU,Stella & Chewy's Dog FD Stella's Super Beef Patties-14 oz,4.3,605,154.99
Freeze-Dried,23,B095G4XZB6,"Stella & Chewy's Wild Red Raw Blend Kibble Dry Dog Food – Grain Free, Protein Rich – Red Meat Recipe, 3.5 lb Bag",4.5,275,183.97
Freeze-Dried,24,B07CR25KGL,"Stella & Chewy's Freeze Dried Raw Dinner Patties – Crafted for Puppies – Grain Free, Protein Rich Perfectly Puppy Chicken Salmon Recipe – 5.5 oz",4.6,196,91
Freeze-Dried,25,B083L7JD4Y,Stella & Chewy's Solutions Freeze-Dried Chicken Healthy Heart Support - 13 oz,4.6,182,338
Freeze-Dried,26,B00D5ZTWRE,"Stella & Chewy's Freeze-Dried Raw Venison Blend Dinner Patties Dog Food, 14 oz. Bag",4.2,"1,580",183.58
Freeze-Dried,27,B0DK3R3XBD,"SHANG POOCHES 100% Pure Meat Freeze-Dried 70grams (70grams, Duck Liver)",4.3,"1,754",144
Freeze-Dried,28,B00DCAP5GO,Herbsmith Kibble Seasoning Freeze Dried Beef Dog Food Topper for Picky Eaters,4.8,"1,052",93.9
Freeze-Dried,29,B0B5FGHDY9,"Dr. Marty Nature's Blend Adult Small Breed Freeze-Dried Raw Dog Food 16 oz, 1 Pound (Pack of 1)",4.5,478,184.5
Freeze-Dried,30,B084DH3HBS,Instinct Raw Boost Mixers Gut Health Freeze Dried Chicken Dog Food Topper 12.5OZ,4.6,690,78.49
Freeze-Dried,31,B003BGI5WU,"Stella & Chewy's Freeze Dried Raw Tantalizing Turkey Meal Mixer – Dog Food Topper for Small Large Breeds – Grain Free, Protein Rich Recipe – 8 oz Bag",4.6,290,71.97
Freeze-Dried,32,B079YXPSK4,Instinct Raw Boost Mixers Mobility Support Freeze Dried Dog Food Topper 5.5OZ,4.2,55,85
Freeze-Dried,33,B084DH7JZR,Instinct Raw Boost Mixers Skin & Coat Health Freeze Dried Dog Food Topper 12.5OZ,4.7,896,780
Freeze-Dried,34,B0DL63B7Q8,10.6 OZ Freeze Dried Quail Egg Yolk Healthy Pet Treats Food for Dogs Cats Natural Single Ingredient Tasty Freeze Dried Quail Eggs Snack Training Human Grade Free of Grain Gluten Rawhide,4.5,546,68
Freeze-Dried,35,B003BGB24S,"Stella & Chewy's Freeze Dried Dog Food for Adult Dogs, Duck and Goose Dinner",4.6,687,118
Freeze-Dried,36,B07CQZ4PQ5,"Stella & Chewy's Freeze Dried Raw Dinner Patties – Crafted for Puppies – Grain Free, Protein Rich Perfectly Puppy Beef Salmon Recipe – 5.5 oz Bag",4.7,39,312
Freeze-Dried,37,B06XKR63P9,"Instinct Raw Boost Mixers Freeze Dried Raw Dog Food Topper, Grain Free Freeze Dried Dog Food Topper 5.5 Ounce (Pack of 1)",4.5,662,255.85
Freeze-Dried,38,B07P24GG7L,K9 Natural Freeze Dried Lamb And Salmon Feast 1.8Kg,4.4,546,212.49
Freeze-Dried,39,B00O12RMVI,"Stella & Chewy's Freeze Dried Raw Savory Salmon Cod Meal Mixer – Dog Food Topper for Small Large Breeds – Grain Free, Protein Rich Recipe – 3.5 oz Bag",4.7,118,53.29
Freeze-Dried,40,B07NQJ2FT8,"ORIJEN Original Freeze-Dried Dog Food, 6oz, High Protein, Grain-free Meal & Food Topper",4.2,546,112.8
Freeze-Dried,41,B0BSR75XSD,"Open Farm Freeze Dried Raw Patties for Dogs, Humanely Raised Meat Recipe with Non-GMO Superfoods and No Artificial Flavors or Preservatives, Harvest Chicken Recipe, 17.5oz",4.2,52,90.09
Freeze-Dried,51,B08HDGLWC9,PureBites Mini Freeze Dried Beef Dog Treats | Only 1 Ingredient | 85g,4.5,"1,555",67
Freeze-Dried,52,B0BY3BD83B,"Vital Essentials Freeze Dried Raw Protein Mix-in Dog Food Topper, Chicken Ground Topper for Dogs, 6 oz",4.6,311,113.46
Freeze-Dried,53,B073JF188D,Nulo Freeze Dried Raw Dog Food For All Ages & Breeds: Natural Grain Free Formula With Ganedenbc30 Probiotics For Digestive & Immune Health - Turkey Recipe With Cranberries - 5 Oz Bag,4.3,71,113.83
Freeze-Dried,54,B00FJFLTGK,Northwest Naturals Raw Rewards Freeze Dried Bison Liver Treats 3 Ounces,4.6,138,348.49
Freeze-Dried,55,B07WNYHX9W,Stella & Chewy's Simply Venison - 25 oz,4,49,191.37
Freeze-Dried,56,B087D6Y7PC,Stella & Chewy's Chewy's Chicken Dinner Patties Freeze-Dried Raw Dog Food 5.5OZ,5,1,752.63
Freeze-Dried,57,B0CWNH4DM3,"Brit Raw Treat Urinary. Freeze-dried treat and topper. Turkey, 40 g",4.6,719,259.25
Freeze-Dried,58,B0BMVFZNJZ,Instinct Freeze Dried Raw Meals Grain Free Recipe Dog Food 9 Ounce (Pack of 1),4.2,176,104
Freeze-Dried,59,B095FYSTQN,"Stella & Chewy's Wild Red Raw Blend Kibble Dry Dog Food – Grain Free, Protein Rich – Red Meat Recipe, 21 lb Bag",4.7,430,331
Freeze-Dried,60,B07895R839,"Stella & Chewy's Freeze-Dried Raw Dandy Lamb Dinner Patties Dog Food, 25 oz. Bag",4.5,170,170
Freeze-Dried,61,B00BP2VDVM,"Primal Pet Foods Freeze Dried Dog Nuggets, Duck; Complete & Balanced Meal; Also Use as Topper or Treat; Premium, Healthy, Grain Free, High Protein Raw Dog , 5.5 oz",4.6,99,185
Diet,1,B0050JL9AQ,Purina Pro Plan Veterinary Diets HA Hydrolyzed Protein Dog Food Dry Vegetarian Formula - 16.5 lb. Bag,4.2,23,"1,012.00"
Canned,1,B07JD6VHXG,LILY'S KITCHEN Dog Classic Dinners Multipack Wet Food (6x150g),4.5,"3,149",53.95
Canned,2,B07MVLDG7N,"Cesar Dog Food, Beef Dog Wet Food, Tray of 6x100g, Formulated Without Grains, Complete and Balanced Dog Nutrition",4.2,40,37.3
Canned,3,B07JNF6DDS,"Pedigree Dog Food, Beef in Gravy Flavour Dog Food Wet, Pack of 24x400g, Complete & Balanced Dog Wet Food For Adult Dogs",4.4,29,182.5
Canned,4,B078H4DMHX,"Taste of the Wild Wetlands Canine Dog Food, 390 G",4.5,77,11.9
Canned,5,B07MVLDVBC,"Cesar Dog Food, Chicken Dog Wet Food, Tray of 6x100g, Formulated Without Grains, Complete and Balanced Dog Nutrition",4,30,60.43
Canned,6,B08X5Q9B8J,"Harringtons Grain Free Hypoallergenic Wet Dog Food Meaty Pack 16x400g - Chicken, Lamb, Beef & Turkey - All Natural Ingredients (Packing may vary)",4.5,"8,860",159.9
Canned,7,B07T3WRCF2,"Pedigree Dog Food, Original Loaf Dog Food Wet, Pack of 24x 400g, Complete & Balanced Dog Wet Food For Adult Dogs",4.2,28,182.5
Canned,8,B078H6L36K,Taste of the Wild Southwest Dog Food Can 390Grm Ir,4.3,121,13.36
Canned,9,B07NY2SHRG,"Pedigree Dog Food, Original Loaf Dog Food Wet, 400g, Complete & Balanced Dog Wet Food For Adult Dogs",4.4,78,9.25
Canned,10,B00XQBNXV8,Miglior Chunks Chicken /Turkey Dog Wet Food 405g,3.9,19,5.37
Canned,11,B0BM4QBVDL,LILY'S KITCHEN Dog Carnival Chicken Wet Food - 400G,5,3,20.61
Canned,12,B06XHTT512,Harringtons Chicken Wet Dog Food 400g,4.4,74,9.36
Canned,13,B082X3Q98Z,Carnilove lamb & wild boar for adult dogs (wet food cans) 400g,5,9,12.02
Canned,14,B0CQK4GV5J,Plaisir Dog Paté – Rich in Beef & Veggies – 22x150g Alu Trays – Wholesome Adult Wet Food,4.6,6,115.93
Canned,15,B00XQBNWQO,Miglior Chunks Beef Dog Wet Food 405g,4,21,5.43
Canned,16,B07TGKS6CW,Taste of the Wild Pacific Stream Canine Dog Food Can 390Grm Ir,4.4,54,11.9
Canned,17,B00EKQ6UF4,Harringtons Duck Wet Dog Food 400g,4.2,95,10.12
Canned,18,B07NYZXTRM,"Pedigree Dog Food, Chicken in Loaf Flavour Dog Food Wet, 400g, Complete & Balanced Dog Wet Food For Adult Dogs",4.3,66,9.7
Canned,19,B0CQK9J6VH,Plaisir Dog Paté – Rich in Turkey – 22x150g Alu Trays – Energy Boost for Adult Dogs,4.7,7,115.93
Canned,20,B00EKQ2QOI,Harringtons Salmon Adult Wet Dog Food 400G,4.3,55,9.46
Canned,21,B07JMRSZ2N,"Pedigree Dog Food, Loaf with Lamb Flavour Dog Food Wet, Pack of 24x 400g, Complete & Balanced Dog Wet Food For Adult Dogs",4.3,27,151.6
Canned,22,B082NH143R,Royal Canin CCN Exigent Wet Food Pouches Box of 12x85g Canine Care Nutrition Dog Food,4.4,104,82.8
Canned,23,B00M0FHCN6,"CESAR Soft Wet Dog Food Classic Loaf in Sauce Poultry Variety Pack, (24) 3.5 oz. Easy Peel Trays with Real Chicken, Turkey or Duck",4.7,"43,537",174.6
Canned,24,B08X5SBQ2N,"Harringtons Complete Wet Tray Grain Free Hypoallergenic Adult Dog Food Meaty Pack 6x400g - Chicken, Beef & Lamb - Made with All Natural Ingredients",4.4,"1,994",59.9
Canned,25,B07JCVD7D9,Lily's Kitchen Dog Classic Multipack Wet Dog Food - 6X400G,4.6,"1,337",87.2
Canned,26,B0CQK7GC6C,Plaisir Paté – Rich in Chicken – 18x300g Alu Trays – Protein-Focused Adult Wet Dog Food,5,4,159.18
Canned,27,B082X3VMVH,Carnilove Salmon & Turkey for Puppies (Wet Food Cans) 400g,4.9,13,12.02
Canned,28,B0CQK71TZ2,Plaisir Dog Paté – Chicken – 22x150g Alu Trays – Nutritional Wet Food for Adult Dogs,3.3,7,115.93
Canned,29,B082X2KYQ4,Carnilove Venison & Reindeer for Adult Dogs (Wet Food Cans) 400g,5,11,12.02
Canned,30,B07NYZLDL8,"Pedigree Dog Food, Beef in Gravy Flavour Dog Food Wet, 400g, Complete & Balanced Dog Wet Food For Adult Dogs",4.2,86,9.25
Canned,31,B01CMIEXKA,"Pedigree Wet Food, Puppy Dog Food Wet, Chicken & Vegetables 400g, Complete & Balanced Dog Wet Food For Puppy Dogs",4,17,9.99
Canned,32,B07P12VYKP,"Pedigree Dog Food, Loaf with Lamb Flavour Dog Food Wet, 400g, Complete & Balanced Dog Wet Food For Adult Dogs",4.2,53,9.25
Canned,33,B08BVLNRYB,"Drools Puppy Wet Dog Food, Chicken & Chicken Liver Chunks Gravy, Pack Of 15 (2.25 Kg) | 100% Balanced Diet With Real Chicken, Omega 3 & 6 For Healthy Skin & Coat, Promotes Hydration & Easy Digestion",4.2,"3,130",34.63
Canned,34,B004TM9S6C,Lily's Kitchen Lamb Hotpot Wet Dog Food - 400G,4.1,28,25
Canned,35,B0DNKNWLKY,Special Dog Excellence by Monge | Senior Light Wet Dog Food | with Tasty Chicken & Turkey Pâté | for Sensitive & Weight‑Controlled Dogs | Pack of 24x150g Alu‑Tray | Made in Italy,4.6,13,159.9
Canned,36,B084ZLSW8W,"Taste of the Wild Wet Food Duck Fruit & Veg Tray, 390 gm Dog Wet Food",4.1,9,15.3
Canned,37,B07MJ7G8MX,"Royal Canin Starter Mousse Dog Wet Food Cans,12 x 195gm",4.7,32,160
Canned,38,B002QT50XA,Purina ONE SmartBlend Classic Ground Wet Dog Food Chicken & Brown Rice Entrée (368grams Can),4.7,4,12.15
Canned,39,B00XQBNN8G,"Miglor Chunks Chicken/Turkey Dog Wet Food, Multi-Colour, 1250 G",3.4,20,8.49
Canned,40,B01B80FC3A,Lily's Kitchen Chicken & Turkey Casserole Wet Dog Food - 400G,4.2,54,20.52
Canned,41,B004TM9RSQ,LILY'S KITCHEN Dog Cottage Pie Wet Food (400g),4.4,71,20.52
Canned,42,B0048ZAOXQ,Taste of the Wild High Prairie Canine Recipe with Bison in Gravy 374g,4.5,353,13.33
Canned,43,B0DTQ5P91B,Smudges Adult Cat Tuna Flakes With Salmon in Soft Jelly 80g - Pack of 12,4.2,5,10.79
Canned,44,B0716PGBZJ,"Cesar Dog Food, Lamb Dog Wet Food 100g, Formulated Without Grains, Complete and Balanced Dog Nutrition",4.5,2,12
Canned,45,B0CB1HPCDR,Applaws Taste Topper in Broth Chicken Ham Wet Dog Food 156G,4.5,"1,986",22.41
Canned,46,B0FK5JFHH4,Royal Canin Size Health Nutrition Mini Adult (Wet Food - Can) 12 x 195 g,4.3,25,10.12
Canned,47,B08JDZ31PL,Lily's Kitchen Dog Beef Goulash Wet Food Box 400G,4.2,71,21.9
Canned,48,B09ZLQZ2BT,Harringtons Chicken & Potato Puppy Wet Food 380g,3.8,56,8
Canned,51,B00IJ5OOMI,Schesir Dog Wet Food-Chicken Fillets With Papaya 150g x 10 Pcs,5,2,120.39
Canned,52,B09BK326GD,LILY'S Kitchen Proper Food For Dogs Coronation Chicken,4.8,9,20.52
Canned,53,B006J18DPI,Purina ONE High Protein Natural Beef & Brown Rice Ground Wet Dog Food (368grams Can),4.2,18,12.15
Canned,54,B07PM3RK4W,"Pedigree Dog Food, with Chicken in Gravy Flavour Dog Food Wet, Pack of 24x400g, Complete & Balanced Dog Wet Food For Adult Dogs",4.1,23,244.94
Canned,55,B003ZG2YT6,"Arden Grange Partners Chicken, Rice & Vegetables Wet Dog Food Box 24x395G",4.2,176,319.5
Canned,56,B082X2NXT4,Carnilove Duck & Pheasant For Adult Dogs (Wet Food Cans) 400g,4.7,15,12.39
Canned,57,B01MQ0LOQ3,Special Dog Excellence by Monge | Puppy & Junior Wet Food with Tuna Chunkies in Sauce | 100 g Pouch | Made in Italy,4.4,10,6.39
Canned,58,B09BK3FM19,Lily's Kitchen Coronation Chicken Wet Dog Food - 150G,3.8,40,12.9
Canned,59,B0FC2XC29Y,Trovet Plus Pouch Dog Turkey Veterinary Diets Wet Food 300g,4.8,9,25
Canned,60,B0FC2ZT311,Trovet Plus Pouch Dog Hypoallergenic Venison Veterinary Diets Wet Food 300g,4.2,132,12.9
Canned,61,B0B369LJ24,"Hill's Science Plan Puppy dog Food with Chicken, Can, 370 g X 12",4.5,3,120.39
Canned,62,B0CQK6Y8YX,Plaisir Paté – Beef with Vegetables – 18x300g Alu Trays – Premium Wet Dog Food for Adults,3.9,19,10.75
Canned,63,B0798FLWH1,LILY'S KITCHEN Sunday Lunch Wet Dog Food - 150G,4.6,8,13.65
Canned,64,B01BEXQ49W,Schesir Dog Wet Food-Chicken Fillets 150g x 10 Pcs,4.5,36,14.8
Canned,65,B01CMJD8UU,"Cesar Dog Food, Chicken and Vegetables Dog Wet Food 100g, Formulated Without Grains, Complete and Balanced Dog Nutrition",3.5,5,10.86
Canned,66,B0FK5JXZLT,Royal Canin Size Health Nutrition Medium Adult (Wet Food - Can) 12 x 410 g,4.2,3,12.9
Canned,67,B004TM9QU0,LILY'S KITCHEN Organic Beef Supper Wet Dog Food - 150G,2,1,14
Canned,68,B084H6ZGXC,ZiwiPeak Lamb Recipe Canned Dog Food 170G,5,1,15.75
Canned,69,B0DNB7BCNV,"SKY-TOUCH Wet Dog Food : Soft Wet Dog Food Can High-Protein Dog Food Meat Purée for All Life Stages Perfect for Puppies, Seniors & Recovery (pack of 2, Chicken)",5,2,116.99
Canned,70,B0FC2WDMF7,Trovet Plus Pouch Dog Hypoallergenic Lamb Veterinary Diets Wet Food 300g,5,2,8.99
Canned,71,B0DNB4YB59,"SKY-TOUCH Wet Dog Food : Soft Wet Dog Food Can High-Protein Dog Food Meat Purée for All Life Stages Perfect for Puppies, Seniors & Recovery (Pack of 2, Beef)",4,35,17.76
Canned,72,B0C5QYPWQ6,Harringtons Just 6 Salmon Grain Free Wet Dog Food,4,12,19.95
Canned,73,B084H6XJ7X,ZIWI Peak Tripe & Lamb Recipe Wet Dog Food - 170G,4.3,41,8.7
Canned,74,B0DT11GP5Y,Schesir Dog Wet Food Can-Chicken with Potatoes and Carrots - 85g x 14pcs,5,4,261.88
Canned,75,B0C69RL5CQ,Plaisir Puppy Paté – Chicken & Veggies Wet Dog Food – 300g Tray – Full Meal for Puppies,4.3,2,40
Canned,76,B0CFTVXJWP,Applaws Topper in Stew Beef with Veg Dog Tin 156g,5,1,11.55
Canned,77,B07MLD6BDL,Farmina N&D Dog Lamb & Pump & Bluberry Puppy 285g,5,1,11.36
Canned,78,B003Y3VFBS,"Arden Grange Partners Lamb, Rice & Vegetables Wet Dog Food - 395G",3.1,63,11.9
Canned,79,B07K4GR913,Farmina N&D Dog Prime Chicken & Pomegranate Puppy 285g,4.4,58,11.55
Canned,80,B07LFJSMW4,Royal Canin Medium Adult Wet Dog Food - 140G,4.4,68,10.12
Canned,81,B07PJDZMJV,Cesar WHISKAS TUNA FLAVOUR VALUE PACK 100g (Pack of 24),4,17,155.3
Canned,82,B08L71GGM2,Taste of Wild Dog Wet Food Sierra Mountain Canine 375gr x 3 Cans,3.3,7,12.66
Canned,83,B0DJT8KZJH,"Zeal Grain Free Beef Recipe, All Life Stages Dog Wet Food 170g, Made in New Zealand",3.8,47,12.66
Canned,84,B0DJT8YDTN,"Zeal Grain Free Lamb Recipe, All Life Stages Dog Wet Food 170g, Made in New Zealand",4,4,249.6
Canned,85,B00W7WMM8C,"Taste of the Wild Sierra Mountain Canine with lamb in Gravy A Grain-Free Diet 374g, Dog Wet Food",4.1,5,10.4
Canned,86,B0DJT87HCY,"Zeal Grain Free Chicken Recipe, All Life Stages Dog Wet Food 170g, Made in New Zealand",4.3,31,110
Canned,87,B003ZMFW0I,Schesir Chicken Fillets with Apple Dog Wet Food 150g,4.6,"2,633",85.5
Canned,88,B074MC9WHX,Harringtons Turkey Wet Dog Food 400g,5,5,12
Canned,89,B08Q9BTTCC,"Plaisir Dogs Paté (150g) - Packed with healthy ingredients, Dog Pet Food, Adult Wet Dog Food Rich inTurkey Dog Wet Food",3.6,2,261.88
